calledFuncs_strid,callsite_id,function,rdf_set, params_passed0,params_passed1,params_passed2,params_passed3,params_passed4
0,1,1,394,0,0,0,0,0
1,2,2,394,0,0,0,0,0
1,2,2,394,0,0,0,0,0
1,2,2,394,0,0,0,0,0
2,57,1,394,0,0,0,0,0
3,8,5,394,0,0,0,0,0
4,13,9,394,0,0,0,0,0
4,13,9,394,0,0,0,0,0
4,13,9,394,0,0,0,0,0
4,13,9,394,0,0,0,0,0
4,13,9,394,0,0,0,0,0
4,13,9,394,0,0,0,0,0
4,13,9,394,0,0,0,0,0
4,13,9,394,0,0,0,0,0
4,13,9,394,0,0,0,0,0
4,13,9,394,0,0,0,0,0
4,13,9,394,0,0,0,0,0
4,13,9,394,0,0,0,0,0
4,13,9,394,0,0,0,0,0
4,13,9,394,0,0,0,0,0
4,13,9,394,0,0,0,0,0
4,13,9,394,0,0,0,0,0
4,13,9,394,0,0,0,0,0
4,13,9,394,0,0,0,0,0
4,13,9,394,0,0,0,0,0
4,13,9,394,0,0,0,0,0
4,13,9,394,0,0,0,0,0
4,13,9,394,0,0,0,0,0
4,13,9,394,0,0,0,0,0
4,13,9,394,0,0,0,0,0
4,13,9,394,0,0,0,0,0
4,13,9,394,0,0,0,0,0
4,13,9,394,0,0,0,0,0
4,13,9,394,0,0,0,0,0
4,13,9,394,0,0,0,0,0
4,13,9,394,0,0,0,0,0
4,13,9,394,0,0,0,0,0
4,13,9,394,0,0,0,0,0
4,13,9,394,0,0,0,0,0
4,13,9,394,0,0,0,0,0
4,13,9,394,0,0,0,0,0
4,13,9,394,0,0,0,0,0
4,13,9,394,0,0,0,0,0
4,13,9,394,0,0,0,0,0
4,13,9,394,0,0,0,0,0
4,13,9,394,0,0,0,0,0
4,13,9,394,0,0,0,0,0
4,13,9,394,0,0,0,0,0
4,13,9,394,0,0,0,0,0
4,13,9,394,0,0,0,0,0
4,13,9,394,0,0,0,0,0
4,13,9,394,0,0,0,0,0
4,13,9,394,0,0,0,0,0
4,13,9,394,0,0,0,0,0
4,13,9,394,0,0,0,0,0
4,13,9,394,0,0,0,0,0
4,13,9,394,0,0,0,0,0
4,13,9,394,0,0,0,0,0
4,13,9,394,0,0,0,0,0
4,13,9,394,0,0,0,0,0
4,13,9,394,0,0,0,0,0
4,13,9,394,0,0,0,0,0
4,13,9,394,0,0,0,0,0
4,13,9,394,0,0,0,0,0
4,13,9,394,0,0,0,0,0
4,13,9,394,0,0,0,0,0
4,13,9,394,0,0,0,0,0
4,13,9,394,0,0,0,0,0
4,13,9,394,0,0,0,0,0
4,13,9,394,0,0,0,0,0
4,13,9,394,0,0,0,0,0
4,13,9,394,0,0,0,0,0
4,13,9,394,0,0,0,0,0
4,13,9,394,0,0,0,0,0
4,13,9,394,0,0,0,0,0
4,13,9,394,0,0,0,0,0
4,13,9,394,0,0,0,0,0
4,13,9,394,0,0,0,0,0
4,13,9,394,0,0,0,0,0
4,13,9,394,0,0,0,0,0
4,13,9,394,0,0,0,0,0
4,13,9,394,0,0,0,0,0
4,13,9,394,0,0,0,0,0
4,13,9,394,0,0,0,0,0
4,13,9,394,0,0,0,0,0
4,13,9,394,0,0,0,0,0
4,13,9,394,0,0,0,0,0
4,13,9,394,0,0,0,0,0
4,13,9,394,0,0,0,0,0
4,13,9,394,0,0,0,0,0
4,13,9,394,0,0,0,0,0
4,13,9,394,0,0,0,0,0
4,13,9,394,0,0,0,0,0
4,13,9,394,0,0,0,0,0
4,13,9,394,0,0,0,0,0
4,13,9,394,0,0,0,0,0
4,13,9,394,0,0,0,0,0
4,13,9,394,0,0,0,0,0
4,13,9,394,0,0,0,0,0
4,13,9,394,0,0,0,0,0
4,13,9,394,0,0,0,0,0
4,13,9,394,0,0,0,0,0
4,13,9,394,0,0,0,0,0
4,13,9,394,0,0,0,0,0
4,13,9,394,0,0,0,0,0
4,13,9,394,0,0,0,0,0
4,13,9,394,0,0,0,0,0
4,13,9,394,0,0,0,0,0
4,13,9,394,0,0,0,0,0
4,13,9,394,0,0,0,0,0
4,13,9,394,0,0,0,0,0
4,13,9,394,0,0,0,0,0
4,13,9,394,0,0,0,0,0
4,13,9,394,0,0,0,0,0
4,13,9,394,0,0,0,0,0
4,13,9,394,0,0,0,0,0
4,13,9,394,0,0,0,0,0
4,13,9,394,0,0,0,0,0
4,13,9,394,0,0,0,0,0
4,13,9,394,0,0,0,0,0
4,13,9,394,0,0,0,0,0
4,13,9,394,0,0,0,0,0
4,13,9,394,0,0,0,0,0
4,13,9,394,0,0,0,0,0
4,13,9,394,0,0,0,0,0
4,13,9,394,0,0,0,0,0
4,13,9,394,0,0,0,0,0
4,13,9,394,0,0,0,0,0
4,13,9,394,0,0,0,0,0
4,13,9,394,0,0,0,0,0
4,13,9,394,0,0,0,0,0
4,13,9,394,0,0,0,0,0
4,13,9,394,0,0,0,0,0
4,13,9,394,0,0,0,0,0
4,13,9,394,0,0,0,0,0
4,13,9,394,0,0,0,0,0
4,13,9,394,0,0,0,0,0
4,13,9,394,0,0,0,0,0
4,13,9,394,0,0,0,0,0
4,13,9,394,0,0,0,0,0
4,13,9,394,0,0,0,0,0
4,13,9,394,0,0,0,0,0
4,13,9,394,0,0,0,0,0
4,13,9,394,0,0,0,0,0
4,13,9,394,0,0,0,0,0
4,13,9,394,0,0,0,0,0
4,13,9,394,0,0,0,0,0
4,13,9,394,0,0,0,0,0
4,13,9,394,0,0,0,0,0
4,13,9,394,0,0,0,0,0
4,13,9,394,0,0,0,0,0
4,13,9,394,0,0,0,0,0
4,13,9,394,0,0,0,0,0
4,13,9,394,0,0,0,0,0
4,13,9,394,0,0,0,0,0
4,13,9,394,0,0,0,0,0
4,13,9,394,0,0,0,0,0
4,13,9,394,0,0,0,0,0
4,13,9,394,0,0,0,0,0
4,13,9,394,0,0,0,0,0
4,13,9,394,0,0,0,0,0
4,13,9,394,0,0,0,0,0
4,13,9,394,0,0,0,0,0
4,13,9,394,0,0,0,0,0
4,13,9,394,0,0,0,0,0
4,13,9,394,0,0,0,0,0
4,13,9,394,0,0,0,0,0
4,13,9,394,0,0,0,0,0
4,13,9,394,0,0,0,0,0
4,13,9,394,0,0,0,0,0
4,13,9,394,0,0,0,0,0
4,13,9,394,0,0,0,0,0
4,13,9,394,0,0,0,0,0
4,13,9,394,0,0,0,0,0
4,13,9,394,0,0,0,0,0
4,13,9,394,0,0,0,0,0
4,13,9,394,0,0,0,0,0
4,13,9,394,0,0,0,0,0
4,13,9,394,0,0,0,0,0
4,13,9,394,0,0,0,0,0
4,13,9,394,0,0,0,0,0
4,13,9,394,0,0,0,0,0
4,13,9,394,0,0,0,0,0
4,13,9,394,0,0,0,0,0
4,13,9,394,0,0,0,0,0
4,13,9,394,0,0,0,0,0
4,13,9,394,0,0,0,0,0
4,13,9,394,0,0,0,0,0
4,13,9,394,0,0,0,0,0
4,13,9,394,0,0,0,0,0
4,13,9,394,0,0,0,0,0
4,13,9,394,0,0,0,0,0
4,13,9,394,0,0,0,0,0
4,13,9,394,0,0,0,0,0
4,13,9,394,0,0,0,0,0
4,13,9,394,0,0,0,0,0
4,13,9,394,0,0,0,0,0
4,13,9,394,0,0,0,0,0
4,13,9,394,0,0,0,0,0
4,13,9,394,0,0,0,0,0
4,13,9,394,0,0,0,0,0
4,13,9,394,0,0,0,0,0
4,13,9,394,0,0,0,0,0
4,13,9,394,0,0,0,0,0
4,13,9,394,0,0,0,0,0
4,13,9,394,0,0,0,0,0
4,13,9,394,0,0,0,0,0
4,13,9,394,0,0,0,0,0
4,13,9,394,0,0,0,0,0
4,13,9,394,0,0,0,0,0
4,13,9,394,0,0,0,0,0
4,13,9,394,0,0,0,0,0
4,13,9,394,0,0,0,0,0
4,13,9,394,0,0,0,0,0
4,13,9,394,0,0,0,0,0
4,13,9,394,0,0,0,0,0
4,13,9,394,0,0,0,0,0
4,13,9,394,0,0,0,0,0
4,13,9,394,0,0,0,0,0
4,13,9,394,0,0,0,0,0
4,13,9,394,0,0,0,0,0
4,13,9,394,0,0,0,0,0
4,13,9,394,0,0,0,0,0
4,13,9,394,0,0,0,0,0
4,13,9,394,0,0,0,0,0
4,13,9,394,0,0,0,0,0
4,13,9,394,0,0,0,0,0
4,13,9,394,0,0,0,0,0
4,13,9,394,0,0,0,0,0
4,13,9,394,0,0,0,0,0
4,13,9,394,0,0,0,0,0
4,13,9,394,0,0,0,0,0
4,13,9,394,0,0,0,0,0
4,13,9,394,0,0,0,0,0
4,13,9,394,0,0,0,0,0
4,13,9,394,0,0,0,0,0
4,13,9,394,0,0,0,0,0
4,13,9,394,0,0,0,0,0
4,13,9,394,0,0,0,0,0
4,13,9,394,0,0,0,0,0
4,13,9,394,0,0,0,0,0
4,13,9,394,0,0,0,0,0
4,13,9,394,0,0,0,0,0
4,13,9,394,0,0,0,0,0
4,13,9,394,0,0,0,0,0
4,13,9,394,0,0,0,0,0
4,13,9,394,0,0,0,0,0
4,13,9,394,0,0,0,0,0
4,13,9,394,0,0,0,0,0
4,13,9,394,0,0,0,0,0
4,13,9,394,0,0,0,0,0
4,13,9,394,0,0,0,0,0
4,13,9,394,0,0,0,0,0
4,13,9,394,0,0,0,0,0
4,13,9,394,0,0,0,0,0
4,13,9,394,0,0,0,0,0
4,13,9,394,0,0,0,0,0
4,13,9,394,0,0,0,0,0
4,13,9,394,0,0,0,0,0
4,13,9,394,0,0,0,0,0
4,13,9,394,0,0,0,0,0
4,13,9,394,0,0,0,0,0
4,13,9,394,0,0,0,0,0
4,13,9,394,0,0,0,0,0
4,13,9,394,0,0,0,0,0
4,13,9,394,0,0,0,0,0
4,13,9,394,0,0,0,0,0
4,13,9,394,0,0,0,0,0
4,13,9,394,0,0,0,0,0
4,13,9,394,0,0,0,0,0
4,13,9,394,0,0,0,0,0
4,13,9,394,0,0,0,0,0
4,13,9,394,0,0,0,0,0
4,13,9,394,0,0,0,0,0
4,13,9,394,0,0,0,0,0
4,13,9,394,0,0,0,0,0
4,13,9,394,0,0,0,0,0
4,13,9,394,0,0,0,0,0
4,13,9,394,0,0,0,0,0
4,13,9,394,0,0,0,0,0
4,13,9,394,0,0,0,0,0
4,13,9,394,0,0,0,0,0
4,13,9,394,0,0,0,0,0
4,13,9,394,0,0,0,0,0
4,13,9,394,0,0,0,0,0
4,13,9,394,0,0,0,0,0
4,13,9,394,0,0,0,0,0
4,13,9,394,0,0,0,0,0
4,13,9,394,0,0,0,0,0
4,13,9,394,0,0,0,0,0
4,13,9,394,0,0,0,0,0
4,13,9,394,0,0,0,0,0
4,13,9,394,0,0,0,0,0
4,13,9,394,0,0,0,0,0
4,13,9,394,0,0,0,0,0
4,13,9,394,0,0,0,0,0
4,13,9,394,0,0,0,0,0
4,13,9,394,0,0,0,0,0
4,13,9,394,0,0,0,0,0
4,13,9,394,0,0,0,0,0
4,13,9,394,0,0,0,0,0
4,13,9,394,0,0,0,0,0
4,13,9,394,0,0,0,0,0
4,13,9,394,0,0,0,0,0
4,13,9,394,0,0,0,0,0
4,13,9,394,0,0,0,0,0
4,13,9,394,0,0,0,0,0
4,13,9,394,0,0,0,0,0
4,13,9,394,0,0,0,0,0
4,13,9,394,0,0,0,0,0
4,13,9,394,0,0,0,0,0
4,13,9,394,0,0,0,0,0
4,13,9,394,0,0,0,0,0
4,13,9,394,0,0,0,0,0
4,13,9,394,0,0,0,0,0
4,13,9,394,0,0,0,0,0
4,13,9,394,0,0,0,0,0
4,13,9,394,0,0,0,0,0
4,13,9,394,0,0,0,0,0
4,13,9,394,0,0,0,0,0
4,13,9,394,0,0,0,0,0
4,13,9,394,0,0,0,0,0
4,13,9,394,0,0,0,0,0
4,13,9,394,0,0,0,0,0
4,13,9,394,0,0,0,0,0
4,13,9,394,0,0,0,0,0
4,13,9,394,0,0,0,0,0
4,13,9,394,0,0,0,0,0
4,13,9,394,0,0,0,0,0
4,13,9,394,0,0,0,0,0
4,13,9,394,0,0,0,0,0
4,13,9,394,0,0,0,0,0
4,13,9,394,0,0,0,0,0
4,13,9,394,0,0,0,0,0
4,13,9,394,0,0,0,0,0
4,13,9,394,0,0,0,0,0
4,13,9,394,0,0,0,0,0
4,13,9,394,0,0,0,0,0
4,13,9,394,0,0,0,0,0
4,13,9,394,0,0,0,0,0
4,13,9,394,0,0,0,0,0
4,13,9,394,0,0,0,0,0
4,13,9,394,0,0,0,0,0
4,13,9,394,0,0,0,0,0
4,13,9,394,0,0,0,0,0
4,13,9,394,0,0,0,0,0
4,13,9,394,0,0,0,0,0
4,13,9,394,0,0,0,0,0
4,13,9,394,0,0,0,0,0
4,13,9,394,0,0,0,0,0
4,13,9,394,0,0,0,0,0
4,13,9,394,0,0,0,0,0
4,13,9,394,0,0,0,0,0
4,13,9,394,0,0,0,0,0
4,13,9,394,0,0,0,0,0
4,13,9,394,0,0,0,0,0
4,13,9,394,0,0,0,0,0
4,13,9,394,0,0,0,0,0
4,13,9,394,0,0,0,0,0
4,13,9,394,0,0,0,0,0
4,13,9,394,0,0,0,0,0
4,13,9,394,0,0,0,0,0
4,13,9,394,0,0,0,0,0
4,13,9,394,0,0,0,0,0
4,13,9,394,0,0,0,0,0
4,13,9,394,0,0,0,0,0
4,13,9,394,0,0,0,0,0
4,13,9,394,0,0,0,0,0
4,13,9,394,0,0,0,0,0
4,13,9,394,0,0,0,0,0
4,13,9,394,0,0,0,0,0
4,13,9,394,0,0,0,0,0
4,13,9,394,0,0,0,0,0
4,13,9,394,0,0,0,0,0
4,13,9,394,0,0,0,0,0
4,13,9,394,0,0,0,0,0
4,13,9,394,0,0,0,0,0
4,13,9,394,0,0,0,0,0
4,13,9,394,0,0,0,0,0
4,13,9,394,0,0,0,0,0
4,13,9,394,0,0,0,0,0
4,13,9,394,0,0,0,0,0
4,13,9,394,0,0,0,0,0
4,13,9,394,0,0,0,0,0
4,13,9,394,0,0,0,0,0
4,13,9,394,0,0,0,0,0
4,13,9,394,0,0,0,0,0
4,13,9,394,0,0,0,0,0
4,13,9,394,0,0,0,0,0
4,13,9,394,0,0,0,0,0
4,13,9,394,0,0,0,0,0
4,13,9,394,0,0,0,0,0
4,13,9,394,0,0,0,0,0
4,13,9,394,0,0,0,0,0
4,13,9,394,0,0,0,0,0
4,13,9,394,0,0,0,0,0
4,13,9,394,0,0,0,0,0
4,13,9,394,0,0,0,0,0
4,13,9,394,0,0,0,0,0
4,13,9,394,0,0,0,0,0
4,13,9,394,0,0,0,0,0
4,13,9,394,0,0,0,0,0
4,13,9,394,0,0,0,0,0
4,13,9,394,0,0,0,0,0
4,13,9,394,0,0,0,0,0
4,13,9,394,0,0,0,0,0
4,13,9,394,0,0,0,0,0
4,13,9,394,0,0,0,0,0
4,13,9,394,0,0,0,0,0
4,13,9,394,0,0,0,0,0
4,13,9,394,0,0,0,0,0
4,13,9,394,0,0,0,0,0
4,13,9,394,0,0,0,0,0
4,13,9,394,0,0,0,0,0
4,13,9,394,0,0,0,0,0
4,13,9,394,0,0,0,0,0
4,13,9,394,0,0,0,0,0
4,13,9,394,0,0,0,0,0
5,18,10,394,0,0,0,0,0
6,19,4,394,0,0,0,0,0
6,59,4,394,0,0,0,0,0
7,60,2,394,0,0,0,0,0
6,63,4,394,0,0,0,0,0
7,178,2,394,0,0,0,0,0
7,164,2,394,0,0,0,0,0
1,164,2,394,0,0,0,0,0
1,164,2,394,0,0,0,0,0
1,164,2,394,0,0,0,0,0
8,165,15,394,0,0,0,0,0
8,165,15,394,0,0,0,0,0
8,165,15,394,0,0,0,0,0
9,165,15,394,0,0,0,0,0
9,186,15,394,0,0,0,0,0
6,65,4,394,0,0,0,0,0
2,66,1,394,0,0,0,0,0
7,187,2,394,0,0,0,0,0
7,164,2,394,0,0,0,0,0
10,164,2,394,0,0,0,0,0
9,165,15,394,0,0,0,0,0
9,165,15,394,0,0,0,0,0
9,189,15,394,0,0,0,0,0
6,68,4,394,0,0,0,0,0
2,71,1,394,0,0,0,0,0
6,63,4,394,0,0,0,0,0
7,178,2,394,0,0,0,0,0
7,164,2,394,0,0,0,0,0
1,164,2,394,0,0,0,0,0
1,164,2,394,0,0,0,0,0
7,164,2,394,0,0,0,0,0
8,165,15,394,0,0,0,0,0
8,165,15,394,0,0,0,0,0
9,165,15,394,0,0,0,0,0
9,165,15,394,0,0,0,0,0
9,186,15,394,0,0,0,0,0
6,65,4,394,0,0,0,0,0
2,66,1,394,0,0,0,0,0
7,187,2,394,0,0,0,0,0
7,164,2,394,0,0,0,0,0
10,164,2,394,0,0,0,0,0
9,165,15,394,0,0,0,0,0
9,165,15,394,0,0,0,0,0
9,189,15,394,0,0,0,0,0
6,68,4,394,0,0,0,0,0
2,71,1,394,0,0,0,0,0
6,63,4,394,0,0,0,0,0
7,178,2,394,0,0,0,0,0
7,164,2,394,0,0,0,0,0
1,164,2,394,0,0,0,0,0
1,164,2,394,0,0,0,0,0
7,164,2,394,0,0,0,0,0
8,165,15,394,0,0,0,0,0
8,165,15,394,0,0,0,0,0
9,165,15,394,0,0,0,0,0
9,165,15,394,0,0,0,0,0
9,186,15,394,0,0,0,0,0
6,65,4,394,0,0,0,0,0
2,66,1,394,0,0,0,0,0
7,187,2,394,0,0,0,0,0
7,164,2,394,0,0,0,0,0
10,164,2,394,0,0,0,0,0
9,165,15,394,0,0,0,0,0
9,165,15,394,0,0,0,0,0
9,189,15,394,0,0,0,0,0
6,68,4,394,0,0,0,0,0
2,71,1,394,0,0,0,0,0
6,72,4,394,0,0,0,0,0
12,54,12,396,0,0,0,0,0
0,1,1,396,0,0,0,0,0
1,2,2,396,0,0,0,0,0
1,2,2,396,0,0,0,0,0
1,2,2,396,0,0,0,0,0
2,57,1,396,0,0,0,0,0
3,8,5,396,0,0,0,0,0
4,13,9,396,0,0,0,0,0
4,13,9,396,0,0,0,0,0
4,13,9,396,0,0,0,0,0
4,13,9,396,0,0,0,0,0
4,13,9,396,0,0,0,0,0
4,13,9,396,0,0,0,0,0
4,13,9,396,0,0,0,0,0
4,13,9,396,0,0,0,0,0
4,13,9,396,0,0,0,0,0
4,13,9,396,0,0,0,0,0
4,13,9,396,0,0,0,0,0
4,13,9,396,0,0,0,0,0
4,13,9,396,0,0,0,0,0
4,13,9,396,0,0,0,0,0
4,13,9,396,0,0,0,0,0
4,13,9,396,0,0,0,0,0
4,13,9,396,0,0,0,0,0
4,13,9,396,0,0,0,0,0
4,13,9,396,0,0,0,0,0
4,13,9,396,0,0,0,0,0
4,13,9,396,0,0,0,0,0
4,13,9,396,0,0,0,0,0
4,13,9,396,0,0,0,0,0
4,13,9,396,0,0,0,0,0
4,13,9,396,0,0,0,0,0
4,13,9,396,0,0,0,0,0
4,13,9,396,0,0,0,0,0
4,13,9,396,0,0,0,0,0
4,13,9,396,0,0,0,0,0
4,13,9,396,0,0,0,0,0
4,13,9,396,0,0,0,0,0
4,13,9,396,0,0,0,0,0
4,13,9,396,0,0,0,0,0
4,13,9,396,0,0,0,0,0
4,13,9,396,0,0,0,0,0
4,13,9,396,0,0,0,0,0
4,13,9,396,0,0,0,0,0
4,13,9,396,0,0,0,0,0
4,13,9,396,0,0,0,0,0
4,13,9,396,0,0,0,0,0
5,18,10,396,0,0,0,0,0
6,59,4,396,0,0,0,0,0
7,60,2,396,0,0,0,0,0
6,63,4,396,0,0,0,0,0
7,178,2,396,0,0,0,0,0
7,164,2,396,0,0,0,0,0
1,164,2,396,0,0,0,0,0
1,164,2,396,0,0,0,0,0
1,164,2,396,0,0,0,0,0
8,165,15,396,0,0,0,0,0
8,165,15,396,0,0,0,0,0
8,165,15,396,0,0,0,0,0
9,165,15,396,0,0,0,0,0
9,186,15,396,0,0,0,0,0
6,65,4,396,0,0,0,0,0
2,66,1,396,0,0,0,0,0
7,187,2,396,0,0,0,0,0
7,164,2,396,0,0,0,0,0
10,164,2,396,0,0,0,0,0
9,165,15,396,0,0,0,0,0
9,165,15,396,0,0,0,0,0
9,189,15,396,0,0,0,0,0
6,68,4,396,0,0,0,0,0
2,71,1,396,0,0,0,0,0
6,63,4,396,0,0,0,0,0
7,178,2,396,0,0,0,0,0
7,164,2,396,0,0,0,0,0
1,164,2,396,0,0,0,0,0
1,164,2,396,0,0,0,0,0
7,164,2,396,0,0,0,0,0
8,165,15,396,0,0,0,0,0
8,165,15,396,0,0,0,0,0
9,165,15,396,0,0,0,0,0
9,165,15,396,0,0,0,0,0
9,186,15,396,0,0,0,0,0
6,65,4,396,0,0,0,0,0
2,66,1,396,0,0,0,0,0
7,187,2,396,0,0,0,0,0
7,164,2,396,0,0,0,0,0
10,164,2,396,0,0,0,0,0
9,165,15,396,0,0,0,0,0
9,165,15,396,0,0,0,0,0
9,189,15,396,0,0,0,0,0
6,68,4,396,0,0,0,0,0
2,71,1,396,0,0,0,0,0
6,63,4,396,0,0,0,0,0
7,178,2,396,0,0,0,0,0
7,164,2,396,0,0,0,0,0
1,164,2,396,0,0,0,0,0
1,164,2,396,0,0,0,0,0
7,164,2,396,0,0,0,0,0
8,165,15,396,0,0,0,0,0
8,165,15,396,0,0,0,0,0
9,165,15,396,0,0,0,0,0
9,165,15,396,0,0,0,0,0
9,186,15,396,0,0,0,0,0
6,65,4,396,0,0,0,0,0
2,66,1,396,0,0,0,0,0
7,187,2,396,0,0,0,0,0
7,164,2,396,0,0,0,0,0
10,164,2,396,0,0,0,0,0
9,165,15,396,0,0,0,0,0
9,165,15,396,0,0,0,0,0
9,189,15,396,0,0,0,0,0
6,68,4,396,0,0,0,0,0
2,71,1,396,0,0,0,0,0
6,72,4,396,0,0,0,0,0
12,54,12,396,0,0,0,0,0
0,1,1,396,0,0,0,0,0
1,2,2,396,0,0,0,0,0
1,2,2,396,0,0,0,0,0
1,2,2,396,0,0,0,0,0
2,57,1,396,0,0,0,0,0
3,8,5,396,0,0,0,0,0
4,13,9,396,0,0,0,0,0
4,13,9,396,0,0,0,0,0
4,13,9,396,0,0,0,0,0
4,13,9,396,0,0,0,0,0
5,18,10,396,0,0,0,0,0
6,19,4,396,0,0,0,0,0
6,19,4,396,0,0,0,0,0
6,19,4,396,0,0,0,0,0
6,59,4,396,0,0,0,0,0
7,60,2,396,0,0,0,0,0
6,63,4,396,0,0,0,0,0
7,178,2,396,0,0,0,0,0
7,164,2,396,0,0,0,0,0
1,164,2,396,0,0,0,0,0
1,164,2,396,0,0,0,0,0
1,164,2,396,0,0,0,0,0
8,165,15,396,0,0,0,0,0
8,165,15,396,0,0,0,0,0
8,165,15,396,0,0,0,0,0
9,165,15,396,0,0,0,0,0
9,186,15,396,0,0,0,0,0
6,65,4,396,0,0,0,0,0
2,66,1,396,0,0,0,0,0
7,187,2,396,0,0,0,0,0
7,164,2,396,0,0,0,0,0
10,164,2,396,0,0,0,0,0
9,165,15,396,0,0,0,0,0
9,165,15,396,0,0,0,0,0
9,189,15,396,0,0,0,0,0
6,68,4,396,0,0,0,0,0
2,71,1,396,0,0,0,0,0
6,63,4,396,0,0,0,0,0
7,178,2,396,0,0,0,0,0
7,164,2,396,0,0,0,0,0
1,164,2,396,0,0,0,0,0
1,164,2,396,0,0,0,0,0
7,164,2,396,0,0,0,0,0
8,165,15,396,0,0,0,0,0
8,165,15,396,0,0,0,0,0
9,165,15,396,0,0,0,0,0
9,165,15,396,0,0,0,0,0
9,186,15,396,0,0,0,0,0
6,65,4,396,0,0,0,0,0
2,66,1,396,0,0,0,0,0
7,187,2,396,0,0,0,0,0
7,164,2,396,0,0,0,0,0
10,164,2,396,0,0,0,0,0
9,165,15,396,0,0,0,0,0
9,165,15,396,0,0,0,0,0
9,189,15,396,0,0,0,0,0
6,68,4,396,0,0,0,0,0
2,71,1,396,0,0,0,0,0
6,63,4,396,0,0,0,0,0
7,178,2,396,0,0,0,0,0
7,164,2,396,0,0,0,0,0
1,164,2,396,0,0,0,0,0
1,164,2,396,0,0,0,0,0
7,164,2,396,0,0,0,0,0
8,165,15,396,0,0,0,0,0
8,165,15,396,0,0,0,0,0
9,165,15,396,0,0,0,0,0
9,165,15,396,0,0,0,0,0
9,186,15,396,0,0,0,0,0
6,65,4,396,0,0,0,0,0
2,66,1,396,0,0,0,0,0
7,187,2,396,0,0,0,0,0
7,164,2,396,0,0,0,0,0
10,164,2,396,0,0,0,0,0
9,165,15,396,0,0,0,0,0
9,165,15,396,0,0,0,0,0
9,189,15,396,0,0,0,0,0
6,68,4,396,0,0,0,0,0
2,71,1,396,0,0,0,0,0
6,72,4,396,0,0,0,0,0
0,1,1,396,0,0,0,0,0
1,2,2,396,0,0,0,0,0
1,2,2,396,0,0,0,0,0
1,2,2,396,0,0,0,0,0
2,57,1,396,0,0,0,0,0
3,8,5,396,0,0,0,0,0
4,13,9,396,0,0,0,0,0
4,13,9,396,0,0,0,0,0
4,13,9,396,0,0,0,0,0
4,13,9,396,0,0,0,0,0
4,13,9,396,0,0,0,0,0
4,13,9,396,0,0,0,0,0
4,13,9,396,0,0,0,0,0
4,13,9,396,0,0,0,0,0
4,13,9,396,0,0,0,0,0
4,13,9,396,0,0,0,0,0
4,13,9,396,0,0,0,0,0
4,13,9,396,0,0,0,0,0
4,13,9,396,0,0,0,0,0
4,13,9,396,0,0,0,0,0
4,13,9,396,0,0,0,0,0
4,13,9,396,0,0,0,0,0
4,13,9,396,0,0,0,0,0
4,13,9,396,0,0,0,0,0
4,13,9,396,0,0,0,0,0
4,13,9,396,0,0,0,0,0
4,13,9,396,0,0,0,0,0
4,13,9,396,0,0,0,0,0
4,13,9,396,0,0,0,0,0
4,13,9,396,0,0,0,0,0
4,13,9,396,0,0,0,0,0
4,13,9,396,0,0,0,0,0
4,13,9,396,0,0,0,0,0
4,13,9,396,0,0,0,0,0
4,13,9,396,0,0,0,0,0
4,13,9,396,0,0,0,0,0
4,13,9,396,0,0,0,0,0
4,13,9,396,0,0,0,0,0
4,13,9,396,0,0,0,0,0
4,13,9,396,0,0,0,0,0
4,13,9,396,0,0,0,0,0
4,13,9,396,0,0,0,0,0
4,13,9,396,0,0,0,0,0
4,13,9,396,0,0,0,0,0
4,13,9,396,0,0,0,0,0
4,13,9,396,0,0,0,0,0
4,13,9,396,0,0,0,0,0
4,13,9,396,0,0,0,0,0
4,13,9,396,0,0,0,0,0
4,13,9,396,0,0,0,0,0
4,13,9,396,0,0,0,0,0
4,13,9,396,0,0,0,0,0
4,13,9,396,0,0,0,0,0
4,13,9,396,0,0,0,0,0
4,13,9,396,0,0,0,0,0
4,13,9,396,0,0,0,0,0
4,13,9,396,0,0,0,0,0
4,13,9,396,0,0,0,0,0
4,13,9,396,0,0,0,0,0
4,13,9,396,0,0,0,0,0
4,13,9,396,0,0,0,0,0
4,13,9,396,0,0,0,0,0
4,13,9,396,0,0,0,0,0
4,13,9,396,0,0,0,0,0
4,13,9,396,0,0,0,0,0
4,13,9,396,0,0,0,0,0
4,13,9,396,0,0,0,0,0
4,13,9,396,0,0,0,0,0
4,13,9,396,0,0,0,0,0
4,13,9,396,0,0,0,0,0
4,13,9,396,0,0,0,0,0
4,13,9,396,0,0,0,0,0
4,13,9,396,0,0,0,0,0
4,13,9,396,0,0,0,0,0
4,13,9,396,0,0,0,0,0
4,13,9,396,0,0,0,0,0
4,13,9,396,0,0,0,0,0
4,13,9,396,0,0,0,0,0
4,13,9,396,0,0,0,0,0
4,13,9,396,0,0,0,0,0
4,13,9,396,0,0,0,0,0
4,13,9,396,0,0,0,0,0
4,13,9,396,0,0,0,0,0
4,13,9,396,0,0,0,0,0
4,13,9,396,0,0,0,0,0
4,13,9,396,0,0,0,0,0
4,13,9,396,0,0,0,0,0
4,13,9,396,0,0,0,0,0
4,13,9,396,0,0,0,0,0
4,13,9,396,0,0,0,0,0
4,13,9,396,0,0,0,0,0
4,13,9,396,0,0,0,0,0
4,13,9,396,0,0,0,0,0
4,13,9,396,0,0,0,0,0
4,13,9,396,0,0,0,0,0
4,13,9,396,0,0,0,0,0
4,13,9,396,0,0,0,0,0
4,13,9,396,0,0,0,0,0
4,13,9,396,0,0,0,0,0
4,13,9,396,0,0,0,0,0
4,13,9,396,0,0,0,0,0
4,13,9,396,0,0,0,0,0
4,13,9,396,0,0,0,0,0
4,13,9,396,0,0,0,0,0
4,13,9,396,0,0,0,0,0
4,13,9,396,0,0,0,0,0
4,13,9,396,0,0,0,0,0
4,13,9,396,0,0,0,0,0
4,13,9,396,0,0,0,0,0
4,13,9,396,0,0,0,0,0
4,13,9,396,0,0,0,0,0
4,13,9,396,0,0,0,0,0
4,13,9,396,0,0,0,0,0
4,13,9,396,0,0,0,0,0
4,13,9,396,0,0,0,0,0
4,13,9,396,0,0,0,0,0
4,13,9,396,0,0,0,0,0
4,13,9,396,0,0,0,0,0
4,13,9,396,0,0,0,0,0
4,13,9,396,0,0,0,0,0
4,13,9,396,0,0,0,0,0
4,13,9,396,0,0,0,0,0
4,13,9,396,0,0,0,0,0
4,13,9,396,0,0,0,0,0
4,13,9,396,0,0,0,0,0
4,13,9,396,0,0,0,0,0
4,13,9,396,0,0,0,0,0
4,13,9,396,0,0,0,0,0
4,13,9,396,0,0,0,0,0
4,13,9,396,0,0,0,0,0
4,13,9,396,0,0,0,0,0
4,13,9,396,0,0,0,0,0
4,13,9,396,0,0,0,0,0
4,13,9,396,0,0,0,0,0
4,13,9,396,0,0,0,0,0
4,13,9,396,0,0,0,0,0
4,13,9,396,0,0,0,0,0
4,13,9,396,0,0,0,0,0
4,13,9,396,0,0,0,0,0
4,13,9,396,0,0,0,0,0
4,13,9,396,0,0,0,0,0
4,13,9,396,0,0,0,0,0
4,13,9,396,0,0,0,0,0
4,13,9,396,0,0,0,0,0
4,13,9,396,0,0,0,0,0
4,13,9,396,0,0,0,0,0
4,13,9,396,0,0,0,0,0
4,13,9,396,0,0,0,0,0
4,13,9,396,0,0,0,0,0
4,13,9,396,0,0,0,0,0
4,13,9,396,0,0,0,0,0
4,13,9,396,0,0,0,0,0
4,13,9,396,0,0,0,0,0
4,13,9,396,0,0,0,0,0
4,13,9,396,0,0,0,0,0
4,13,9,396,0,0,0,0,0
4,13,9,396,0,0,0,0,0
4,13,9,396,0,0,0,0,0
4,13,9,396,0,0,0,0,0
4,13,9,396,0,0,0,0,0
4,13,9,396,0,0,0,0,0
4,13,9,396,0,0,0,0,0
4,13,9,396,0,0,0,0,0
4,13,9,396,0,0,0,0,0
4,13,9,396,0,0,0,0,0
4,13,9,396,0,0,0,0,0
4,13,9,396,0,0,0,0,0
4,13,9,396,0,0,0,0,0
4,13,9,396,0,0,0,0,0
4,13,9,396,0,0,0,0,0
4,13,9,396,0,0,0,0,0
4,13,9,396,0,0,0,0,0
4,13,9,396,0,0,0,0,0
4,13,9,396,0,0,0,0,0
4,13,9,396,0,0,0,0,0
4,13,9,396,0,0,0,0,0
4,13,9,396,0,0,0,0,0
4,13,9,396,0,0,0,0,0
4,13,9,396,0,0,0,0,0
4,13,9,396,0,0,0,0,0
4,13,9,396,0,0,0,0,0
4,13,9,396,0,0,0,0,0
4,13,9,396,0,0,0,0,0
4,13,9,396,0,0,0,0,0
4,13,9,396,0,0,0,0,0
4,13,9,396,0,0,0,0,0
4,13,9,396,0,0,0,0,0
4,13,9,396,0,0,0,0,0
4,13,9,396,0,0,0,0,0
4,13,9,396,0,0,0,0,0
4,13,9,396,0,0,0,0,0
4,13,9,396,0,0,0,0,0
4,13,9,396,0,0,0,0,0
4,13,9,396,0,0,0,0,0
4,13,9,396,0,0,0,0,0
4,13,9,396,0,0,0,0,0
4,13,9,396,0,0,0,0,0
4,13,9,396,0,0,0,0,0
4,13,9,396,0,0,0,0,0
4,13,9,396,0,0,0,0,0
4,13,9,396,0,0,0,0,0
4,13,9,396,0,0,0,0,0
4,13,9,396,0,0,0,0,0
4,13,9,396,0,0,0,0,0
4,13,9,396,0,0,0,0,0
4,13,9,396,0,0,0,0,0
4,13,9,396,0,0,0,0,0
4,13,9,396,0,0,0,0,0
4,13,9,396,0,0,0,0,0
4,13,9,396,0,0,0,0,0
4,13,9,396,0,0,0,0,0
4,13,9,396,0,0,0,0,0
4,13,9,396,0,0,0,0,0
4,13,9,396,0,0,0,0,0
4,13,9,396,0,0,0,0,0
4,13,9,396,0,0,0,0,0
4,13,9,396,0,0,0,0,0
4,13,9,396,0,0,0,0,0
4,13,9,396,0,0,0,0,0
4,13,9,396,0,0,0,0,0
4,13,9,396,0,0,0,0,0
4,13,9,396,0,0,0,0,0
4,13,9,396,0,0,0,0,0
4,13,9,396,0,0,0,0,0
4,13,9,396,0,0,0,0,0
4,13,9,396,0,0,0,0,0
4,13,9,396,0,0,0,0,0
4,13,9,396,0,0,0,0,0
4,13,9,396,0,0,0,0,0
4,13,9,396,0,0,0,0,0
4,13,9,396,0,0,0,0,0
4,13,9,396,0,0,0,0,0
4,13,9,396,0,0,0,0,0
4,13,9,396,0,0,0,0,0
4,13,9,396,0,0,0,0,0
4,13,9,396,0,0,0,0,0
4,13,9,396,0,0,0,0,0
4,13,9,396,0,0,0,0,0
4,13,9,396,0,0,0,0,0
4,13,9,396,0,0,0,0,0
4,13,9,396,0,0,0,0,0
4,13,9,396,0,0,0,0,0
4,13,9,396,0,0,0,0,0
4,13,9,396,0,0,0,0,0
4,13,9,396,0,0,0,0,0
4,13,9,396,0,0,0,0,0
4,13,9,396,0,0,0,0,0
4,13,9,396,0,0,0,0,0
4,13,9,396,0,0,0,0,0
4,13,9,396,0,0,0,0,0
4,13,9,396,0,0,0,0,0
4,13,9,396,0,0,0,0,0
4,13,9,396,0,0,0,0,0
4,13,9,396,0,0,0,0,0
4,13,9,396,0,0,0,0,0
4,13,9,396,0,0,0,0,0
4,13,9,396,0,0,0,0,0
4,13,9,396,0,0,0,0,0
4,13,9,396,0,0,0,0,0
4,13,9,396,0,0,0,0,0
4,13,9,396,0,0,0,0,0
4,13,9,396,0,0,0,0,0
4,13,9,396,0,0,0,0,0
4,13,9,396,0,0,0,0,0
4,13,9,396,0,0,0,0,0
4,13,9,396,0,0,0,0,0
4,13,9,396,0,0,0,0,0
4,13,9,396,0,0,0,0,0
4,13,9,396,0,0,0,0,0
4,13,9,396,0,0,0,0,0
4,13,9,396,0,0,0,0,0
4,13,9,396,0,0,0,0,0
4,13,9,396,0,0,0,0,0
4,13,9,396,0,0,0,0,0
4,13,9,396,0,0,0,0,0
4,13,9,396,0,0,0,0,0
4,13,9,396,0,0,0,0,0
4,13,9,396,0,0,0,0,0
4,13,9,396,0,0,0,0,0
4,13,9,396,0,0,0,0,0
4,13,9,396,0,0,0,0,0
4,13,9,396,0,0,0,0,0
4,13,9,396,0,0,0,0,0
4,13,9,396,0,0,0,0,0
4,13,9,396,0,0,0,0,0
4,13,9,396,0,0,0,0,0
4,13,9,396,0,0,0,0,0
4,13,9,396,0,0,0,0,0
4,13,9,396,0,0,0,0,0
4,13,9,396,0,0,0,0,0
4,13,9,396,0,0,0,0,0
4,13,9,396,0,0,0,0,0
4,13,9,396,0,0,0,0,0
4,13,9,396,0,0,0,0,0
4,13,9,396,0,0,0,0,0
4,13,9,396,0,0,0,0,0
4,13,9,396,0,0,0,0,0
4,13,9,396,0,0,0,0,0
4,13,9,396,0,0,0,0,0
4,13,9,396,0,0,0,0,0
4,13,9,396,0,0,0,0,0
4,13,9,396,0,0,0,0,0
4,13,9,396,0,0,0,0,0
4,13,9,396,0,0,0,0,0
4,13,9,396,0,0,0,0,0
4,13,9,396,0,0,0,0,0
4,13,9,396,0,0,0,0,0
4,13,9,396,0,0,0,0,0
4,13,9,396,0,0,0,0,0
4,13,9,396,0,0,0,0,0
4,13,9,396,0,0,0,0,0
4,13,9,396,0,0,0,0,0
4,13,9,396,0,0,0,0,0
4,13,9,396,0,0,0,0,0
4,13,9,396,0,0,0,0,0
4,13,9,396,0,0,0,0,0
4,13,9,396,0,0,0,0,0
4,13,9,396,0,0,0,0,0
4,13,9,396,0,0,0,0,0
4,13,9,396,0,0,0,0,0
4,13,9,396,0,0,0,0,0
4,13,9,396,0,0,0,0,0
4,13,9,396,0,0,0,0,0
4,13,9,396,0,0,0,0,0
4,13,9,396,0,0,0,0,0
4,13,9,396,0,0,0,0,0
4,13,9,396,0,0,0,0,0
4,13,9,396,0,0,0,0,0
4,13,9,396,0,0,0,0,0
4,13,9,396,0,0,0,0,0
4,13,9,396,0,0,0,0,0
4,13,9,396,0,0,0,0,0
4,13,9,396,0,0,0,0,0
4,13,9,396,0,0,0,0,0
4,13,9,396,0,0,0,0,0
4,13,9,396,0,0,0,0,0
4,13,9,396,0,0,0,0,0
4,13,9,396,0,0,0,0,0
4,13,9,396,0,0,0,0,0
4,13,9,396,0,0,0,0,0
4,13,9,396,0,0,0,0,0
4,13,9,396,0,0,0,0,0
4,13,9,396,0,0,0,0,0
4,13,9,396,0,0,0,0,0
4,13,9,396,0,0,0,0,0
4,13,9,396,0,0,0,0,0
4,13,9,396,0,0,0,0,0
4,13,9,396,0,0,0,0,0
4,13,9,396,0,0,0,0,0
4,13,9,396,0,0,0,0,0
4,13,9,396,0,0,0,0,0
4,13,9,396,0,0,0,0,0
4,13,9,396,0,0,0,0,0
4,13,9,396,0,0,0,0,0
4,13,9,396,0,0,0,0,0
4,13,9,396,0,0,0,0,0
4,13,9,396,0,0,0,0,0
4,13,9,396,0,0,0,0,0
4,13,9,396,0,0,0,0,0
4,13,9,396,0,0,0,0,0
4,13,9,396,0,0,0,0,0
4,13,9,396,0,0,0,0,0
4,13,9,396,0,0,0,0,0
4,13,9,396,0,0,0,0,0
4,13,9,396,0,0,0,0,0
4,13,9,396,0,0,0,0,0
4,13,9,396,0,0,0,0,0
4,13,9,396,0,0,0,0,0
4,13,9,396,0,0,0,0,0
4,13,9,396,0,0,0,0,0
4,13,9,396,0,0,0,0,0
4,13,9,396,0,0,0,0,0
4,13,9,396,0,0,0,0,0
4,13,9,396,0,0,0,0,0
4,13,9,396,0,0,0,0,0
4,13,9,396,0,0,0,0,0
4,13,9,396,0,0,0,0,0
4,13,9,396,0,0,0,0,0
4,13,9,396,0,0,0,0,0
4,13,9,396,0,0,0,0,0
4,13,9,396,0,0,0,0,0
4,13,9,396,0,0,0,0,0
4,13,9,396,0,0,0,0,0
4,13,9,396,0,0,0,0,0
4,13,9,396,0,0,0,0,0
4,13,9,396,0,0,0,0,0
4,13,9,396,0,0,0,0,0
4,13,9,396,0,0,0,0,0
4,13,9,396,0,0,0,0,0
4,13,9,396,0,0,0,0,0
4,13,9,396,0,0,0,0,0
4,13,9,396,0,0,0,0,0
4,13,9,396,0,0,0,0,0
4,13,9,396,0,0,0,0,0
4,13,9,396,0,0,0,0,0
4,13,9,396,0,0,0,0,0
4,13,9,396,0,0,0,0,0
4,13,9,396,0,0,0,0,0
4,13,9,396,0,0,0,0,0
4,13,9,396,0,0,0,0,0
4,13,9,396,0,0,0,0,0
4,13,9,396,0,0,0,0,0
4,13,9,396,0,0,0,0,0
4,13,9,396,0,0,0,0,0
4,13,9,396,0,0,0,0,0
4,13,9,396,0,0,0,0,0
4,13,9,396,0,0,0,0,0
4,13,9,396,0,0,0,0,0
4,13,9,396,0,0,0,0,0
4,13,9,396,0,0,0,0,0
4,13,9,396,0,0,0,0,0
4,13,9,396,0,0,0,0,0
4,13,9,396,0,0,0,0,0
4,13,9,396,0,0,0,0,0
4,13,9,396,0,0,0,0,0
4,13,9,396,0,0,0,0,0
4,13,9,396,0,0,0,0,0
4,13,9,396,0,0,0,0,0
5,18,10,396,0,0,0,0,0
6,19,4,396,0,0,0,0,0
6,59,4,396,0,0,0,0,0
7,60,2,396,0,0,0,0,0
6,63,4,396,0,0,0,0,0
7,178,2,396,0,0,0,0,0
7,164,2,396,0,0,0,0,0
1,164,2,396,0,0,0,0,0
1,164,2,396,0,0,0,0,0
1,164,2,396,0,0,0,0,0
8,165,15,396,0,0,0,0,0
8,165,15,396,0,0,0,0,0
8,165,15,396,0,0,0,0,0
9,165,15,396,0,0,0,0,0
9,186,15,396,0,0,0,0,0
6,65,4,396,0,0,0,0,0
2,66,1,396,0,0,0,0,0
7,187,2,396,0,0,0,0,0
7,164,2,396,0,0,0,0,0
10,164,2,396,0,0,0,0,0
9,165,15,396,0,0,0,0,0
9,165,15,396,0,0,0,0,0
9,189,15,396,0,0,0,0,0
6,68,4,396,0,0,0,0,0
2,71,1,396,0,0,0,0,0
6,63,4,396,0,0,0,0,0
7,178,2,396,0,0,0,0,0
7,164,2,396,0,0,0,0,0
1,164,2,396,0,0,0,0,0
1,164,2,396,0,0,0,0,0
7,164,2,396,0,0,0,0,0
8,165,15,396,0,0,0,0,0
8,165,15,396,0,0,0,0,0
9,165,15,396,0,0,0,0,0
9,165,15,396,0,0,0,0,0
9,186,15,396,0,0,0,0,0
6,65,4,396,0,0,0,0,0
2,66,1,396,0,0,0,0,0
7,187,2,396,0,0,0,0,0
7,164,2,396,0,0,0,0,0
10,164,2,396,0,0,0,0,0
9,165,15,396,0,0,0,0,0
9,165,15,396,0,0,0,0,0
9,189,15,396,0,0,0,0,0
6,68,4,396,0,0,0,0,0
2,71,1,396,0,0,0,0,0
6,63,4,396,0,0,0,0,0
7,178,2,396,0,0,0,0,0
7,164,2,396,0,0,0,0,0
1,164,2,396,0,0,0,0,0
1,164,2,396,0,0,0,0,0
7,164,2,396,0,0,0,0,0
8,165,15,396,0,0,0,0,0
8,165,15,396,0,0,0,0,0
9,165,15,396,0,0,0,0,0
9,165,15,396,0,0,0,0,0
9,186,15,396,0,0,0,0,0
6,65,4,396,0,0,0,0,0
2,66,1,396,0,0,0,0,0
7,187,2,396,0,0,0,0,0
7,164,2,396,0,0,0,0,0
10,164,2,396,0,0,0,0,0
9,165,15,396,0,0,0,0,0
9,165,15,396,0,0,0,0,0
9,189,15,396,0,0,0,0,0
6,68,4,396,0,0,0,0,0
2,71,1,396,0,0,0,0,0
6,72,4,396,0,0,0,0,0
12,54,12,396,0,0,0,0,0
0,1,1,396,0,0,0,0,0
1,2,2,396,0,0,0,0,0
1,2,2,396,0,0,0,0,0
1,2,2,396,0,0,0,0,0
2,57,1,396,0,0,0,0,0
3,8,5,396,0,0,0,0,0
4,13,9,396,0,0,0,0,0
4,13,9,396,0,0,0,0,0
4,13,9,396,0,0,0,0,0
4,13,9,396,0,0,0,0,0
4,13,9,396,0,0,0,0,0
4,13,9,396,0,0,0,0,0
4,13,9,396,0,0,0,0,0
4,13,9,396,0,0,0,0,0
4,13,9,396,0,0,0,0,0
4,13,9,396,0,0,0,0,0
4,13,9,396,0,0,0,0,0
4,13,9,396,0,0,0,0,0
4,13,9,396,0,0,0,0,0
4,13,9,396,0,0,0,0,0
4,13,9,396,0,0,0,0,0
4,13,9,396,0,0,0,0,0
4,13,9,396,0,0,0,0,0
4,13,9,396,0,0,0,0,0
4,13,9,396,0,0,0,0,0
4,13,9,396,0,0,0,0,0
4,13,9,396,0,0,0,0,0
4,13,9,396,0,0,0,0,0
4,13,9,396,0,0,0,0,0
4,13,9,396,0,0,0,0,0
4,13,9,396,0,0,0,0,0
4,13,9,396,0,0,0,0,0
4,13,9,396,0,0,0,0,0
4,13,9,396,0,0,0,0,0
4,13,9,396,0,0,0,0,0
4,13,9,396,0,0,0,0,0
4,13,9,396,0,0,0,0,0
4,13,9,396,0,0,0,0,0
4,13,9,396,0,0,0,0,0
4,13,9,396,0,0,0,0,0
4,13,9,396,0,0,0,0,0
4,13,9,396,0,0,0,0,0
4,13,9,396,0,0,0,0,0
4,13,9,396,0,0,0,0,0
4,13,9,396,0,0,0,0,0
4,13,9,396,0,0,0,0,0
4,13,9,396,0,0,0,0,0
4,13,9,396,0,0,0,0,0
4,13,9,396,0,0,0,0,0
4,13,9,396,0,0,0,0,0
4,13,9,396,0,0,0,0,0
4,13,9,396,0,0,0,0,0
4,13,9,396,0,0,0,0,0
4,13,9,396,0,0,0,0,0
4,13,9,396,0,0,0,0,0
4,13,9,396,0,0,0,0,0
4,13,9,396,0,0,0,0,0
4,13,9,396,0,0,0,0,0
4,13,9,396,0,0,0,0,0
4,13,9,396,0,0,0,0,0
4,13,9,396,0,0,0,0,0
4,13,9,396,0,0,0,0,0
4,13,9,396,0,0,0,0,0
4,13,9,396,0,0,0,0,0
4,13,9,396,0,0,0,0,0
4,13,9,396,0,0,0,0,0
4,13,9,396,0,0,0,0,0
4,13,9,396,0,0,0,0,0
4,13,9,396,0,0,0,0,0
5,18,10,396,0,0,0,0,0
6,19,4,396,0,0,0,0,0
6,59,4,396,0,0,0,0,0
7,60,2,396,0,0,0,0,0
6,63,4,396,0,0,0,0,0
7,178,2,396,0,0,0,0,0
7,164,2,396,0,0,0,0,0
1,164,2,396,0,0,0,0,0
1,164,2,396,0,0,0,0,0
1,164,2,396,0,0,0,0,0
8,165,15,396,0,0,0,0,0
8,165,15,396,0,0,0,0,0
8,165,15,396,0,0,0,0,0
9,165,15,396,0,0,0,0,0
9,186,15,396,0,0,0,0,0
6,65,4,396,0,0,0,0,0
2,66,1,396,0,0,0,0,0
7,187,2,396,0,0,0,0,0
7,164,2,396,0,0,0,0,0
10,164,2,396,0,0,0,0,0
9,165,15,396,0,0,0,0,0
9,165,15,396,0,0,0,0,0
9,189,15,396,0,0,0,0,0
6,68,4,396,0,0,0,0,0
2,71,1,396,0,0,0,0,0
6,63,4,396,0,0,0,0,0
7,178,2,396,0,0,0,0,0
7,164,2,396,0,0,0,0,0
1,164,2,396,0,0,0,0,0
1,164,2,396,0,0,0,0,0
7,164,2,396,0,0,0,0,0
8,165,15,396,0,0,0,0,0
8,165,15,396,0,0,0,0,0
9,165,15,396,0,0,0,0,0
9,165,15,396,0,0,0,0,0
9,186,15,396,0,0,0,0,0
6,65,4,396,0,0,0,0,0
2,66,1,396,0,0,0,0,0
7,187,2,396,0,0,0,0,0
7,164,2,396,0,0,0,0,0
10,164,2,396,0,0,0,0,0
9,165,15,396,0,0,0,0,0
9,165,15,396,0,0,0,0,0
9,189,15,396,0,0,0,0,0
6,68,4,396,0,0,0,0,0
2,71,1,396,0,0,0,0,0
6,63,4,396,0,0,0,0,0
7,178,2,396,0,0,0,0,0
7,164,2,396,0,0,0,0,0
1,164,2,396,0,0,0,0,0
1,164,2,396,0,0,0,0,0
7,164,2,396,0,0,0,0,0
8,165,15,396,0,0,0,0,0
8,165,15,396,0,0,0,0,0
9,165,15,396,0,0,0,0,0
9,165,15,396,0,0,0,0,0
9,186,15,396,0,0,0,0,0
6,65,4,396,0,0,0,0,0
2,66,1,396,0,0,0,0,0
7,187,2,396,0,0,0,0,0
7,164,2,396,0,0,0,0,0
10,164,2,396,0,0,0,0,0
9,165,15,396,0,0,0,0,0
9,165,15,396,0,0,0,0,0
9,189,15,396,0,0,0,0,0
6,68,4,396,0,0,0,0,0
2,71,1,396,0,0,0,0,0
6,72,4,396,0,0,0,0,0
12,54,12,396,0,0,0,0,0
0,1,1,396,0,0,0,0,0
1,2,2,396,0,0,0,0,0
1,2,2,396,0,0,0,0,0
1,2,2,396,0,0,0,0,0
2,57,1,396,0,0,0,0,0
3,8,5,396,0,0,0,0,0
4,13,9,396,0,0,0,0,0
4,13,9,396,0,0,0,0,0
4,13,9,396,0,0,0,0,0
4,13,9,396,0,0,0,0,0
4,13,9,396,0,0,0,0,0
4,13,9,396,0,0,0,0,0
4,13,9,396,0,0,0,0,0
5,18,10,396,0,0,0,0,0
6,19,4,396,0,0,0,0,0
6,19,4,396,0,0,0,0,0
6,19,4,396,0,0,0,0,0
6,59,4,396,0,0,0,0,0
7,60,2,396,0,0,0,0,0
6,63,4,396,0,0,0,0,0
7,178,2,396,0,0,0,0,0
7,164,2,396,0,0,0,0,0
1,164,2,396,0,0,0,0,0
1,164,2,396,0,0,0,0,0
1,164,2,396,0,0,0,0,0
8,165,15,396,0,0,0,0,0
8,165,15,396,0,0,0,0,0
8,165,15,396,0,0,0,0,0
9,165,15,396,0,0,0,0,0
9,186,15,396,0,0,0,0,0
6,65,4,396,0,0,0,0,0
2,66,1,396,0,0,0,0,0
7,187,2,396,0,0,0,0,0
7,164,2,396,0,0,0,0,0
10,164,2,396,0,0,0,0,0
9,165,15,396,0,0,0,0,0
9,165,15,396,0,0,0,0,0
9,189,15,396,0,0,0,0,0
6,68,4,396,0,0,0,0,0
2,71,1,396,0,0,0,0,0
6,63,4,396,0,0,0,0,0
7,178,2,396,0,0,0,0,0
7,164,2,396,0,0,0,0,0
1,164,2,396,0,0,0,0,0
1,164,2,396,0,0,0,0,0
7,164,2,396,0,0,0,0,0
8,165,15,396,0,0,0,0,0
8,165,15,396,0,0,0,0,0
9,165,15,396,0,0,0,0,0
9,165,15,396,0,0,0,0,0
9,186,15,396,0,0,0,0,0
6,65,4,396,0,0,0,0,0
2,66,1,396,0,0,0,0,0
7,187,2,396,0,0,0,0,0
7,164,2,396,0,0,0,0,0
10,164,2,396,0,0,0,0,0
9,165,15,396,0,0,0,0,0
9,165,15,396,0,0,0,0,0
9,189,15,396,0,0,0,0,0
6,68,4,396,0,0,0,0,0
2,71,1,396,0,0,0,0,0
6,63,4,396,0,0,0,0,0
7,178,2,396,0,0,0,0,0
7,164,2,396,0,0,0,0,0
1,164,2,396,0,0,0,0,0
1,164,2,396,0,0,0,0,0
7,164,2,396,0,0,0,0,0
8,165,15,396,0,0,0,0,0
8,165,15,396,0,0,0,0,0
9,165,15,396,0,0,0,0,0
9,165,15,396,0,0,0,0,0
9,186,15,396,0,0,0,0,0
6,65,4,396,0,0,0,0,0
2,66,1,396,0,0,0,0,0
7,187,2,396,0,0,0,0,0
7,164,2,396,0,0,0,0,0
10,164,2,396,0,0,0,0,0
9,165,15,396,0,0,0,0,0
9,165,15,396,0,0,0,0,0
9,189,15,396,0,0,0,0,0
6,68,4,396,0,0,0,0,0
2,71,1,396,0,0,0,0,0
6,72,4,396,0,0,0,0,0
12,54,12,396,0,0,0,0,0
0,1,1,396,0,0,0,0,0
1,2,2,396,0,0,0,0,0
1,2,2,396,0,0,0,0,0
1,2,2,396,0,0,0,0,0
2,57,1,396,0,0,0,0,0
3,8,5,396,0,0,0,0,0
4,13,9,396,0,0,0,0,0
4,13,9,396,0,0,0,0,0
4,13,9,396,0,0,0,0,0
4,13,9,396,0,0,0,0,0
4,13,9,396,0,0,0,0,0
4,13,9,396,0,0,0,0,0
4,13,9,396,0,0,0,0,0
4,13,9,396,0,0,0,0,0
4,13,9,396,0,0,0,0,0
4,13,9,396,0,0,0,0,0
4,13,9,396,0,0,0,0,0
4,13,9,396,0,0,0,0,0
4,13,9,396,0,0,0,0,0
4,13,9,396,0,0,0,0,0
4,13,9,396,0,0,0,0,0
4,13,9,396,0,0,0,0,0
4,13,9,396,0,0,0,0,0
4,13,9,396,0,0,0,0,0
4,13,9,396,0,0,0,0,0
4,13,9,396,0,0,0,0,0
4,13,9,396,0,0,0,0,0
4,13,9,396,0,0,0,0,0
4,13,9,396,0,0,0,0,0
4,13,9,396,0,0,0,0,0
4,13,9,396,0,0,0,0,0
4,13,9,396,0,0,0,0,0
4,13,9,396,0,0,0,0,0
4,13,9,396,0,0,0,0,0
4,13,9,396,0,0,0,0,0
4,13,9,396,0,0,0,0,0
4,13,9,396,0,0,0,0,0
4,13,9,396,0,0,0,0,0
4,13,9,396,0,0,0,0,0
4,13,9,396,0,0,0,0,0
4,13,9,396,0,0,0,0,0
4,13,9,396,0,0,0,0,0
4,13,9,396,0,0,0,0,0
4,13,9,396,0,0,0,0,0
4,13,9,396,0,0,0,0,0
4,13,9,396,0,0,0,0,0
4,13,9,396,0,0,0,0,0
4,13,9,396,0,0,0,0,0
4,13,9,396,0,0,0,0,0
4,13,9,396,0,0,0,0,0
4,13,9,396,0,0,0,0,0
4,13,9,396,0,0,0,0,0
4,13,9,396,0,0,0,0,0
4,13,9,396,0,0,0,0,0
4,13,9,396,0,0,0,0,0
4,13,9,396,0,0,0,0,0
4,13,9,396,0,0,0,0,0
4,13,9,396,0,0,0,0,0
4,13,9,396,0,0,0,0,0
4,13,9,396,0,0,0,0,0
4,13,9,396,0,0,0,0,0
4,13,9,396,0,0,0,0,0
4,13,9,396,0,0,0,0,0
4,13,9,396,0,0,0,0,0
4,13,9,396,0,0,0,0,0
4,13,9,396,0,0,0,0,0
4,13,9,396,0,0,0,0,0
4,13,9,396,0,0,0,0,0
4,13,9,396,0,0,0,0,0
4,13,9,396,0,0,0,0,0
4,13,9,396,0,0,0,0,0
4,13,9,396,0,0,0,0,0
4,13,9,396,0,0,0,0,0
4,13,9,396,0,0,0,0,0
4,13,9,396,0,0,0,0,0
4,13,9,396,0,0,0,0,0
4,13,9,396,0,0,0,0,0
4,13,9,396,0,0,0,0,0
4,13,9,396,0,0,0,0,0
4,13,9,396,0,0,0,0,0
4,13,9,396,0,0,0,0,0
4,13,9,396,0,0,0,0,0
4,13,9,396,0,0,0,0,0
4,13,9,396,0,0,0,0,0
4,13,9,396,0,0,0,0,0
4,13,9,396,0,0,0,0,0
4,13,9,396,0,0,0,0,0
4,13,9,396,0,0,0,0,0
4,13,9,396,0,0,0,0,0
4,13,9,396,0,0,0,0,0
4,13,9,396,0,0,0,0,0
4,13,9,396,0,0,0,0,0
4,13,9,396,0,0,0,0,0
4,13,9,396,0,0,0,0,0
4,13,9,396,0,0,0,0,0
4,13,9,396,0,0,0,0,0
4,13,9,396,0,0,0,0,0
4,13,9,396,0,0,0,0,0
4,13,9,396,0,0,0,0,0
4,13,9,396,0,0,0,0,0
4,13,9,396,0,0,0,0,0
4,13,9,396,0,0,0,0,0
4,13,9,396,0,0,0,0,0
4,13,9,396,0,0,0,0,0
4,13,9,396,0,0,0,0,0
4,13,9,396,0,0,0,0,0
4,13,9,396,0,0,0,0,0
4,13,9,396,0,0,0,0,0
4,13,9,396,0,0,0,0,0
4,13,9,396,0,0,0,0,0
4,13,9,396,0,0,0,0,0
4,13,9,396,0,0,0,0,0
4,13,9,396,0,0,0,0,0
4,13,9,396,0,0,0,0,0
4,13,9,396,0,0,0,0,0
4,13,9,396,0,0,0,0,0
4,13,9,396,0,0,0,0,0
4,13,9,396,0,0,0,0,0
4,13,9,396,0,0,0,0,0
4,13,9,396,0,0,0,0,0
4,13,9,396,0,0,0,0,0
4,13,9,396,0,0,0,0,0
4,13,9,396,0,0,0,0,0
4,13,9,396,0,0,0,0,0
4,13,9,396,0,0,0,0,0
4,13,9,396,0,0,0,0,0
4,13,9,396,0,0,0,0,0
4,13,9,396,0,0,0,0,0
4,13,9,396,0,0,0,0,0
4,13,9,396,0,0,0,0,0
4,13,9,396,0,0,0,0,0
4,13,9,396,0,0,0,0,0
4,13,9,396,0,0,0,0,0
4,13,9,396,0,0,0,0,0
4,13,9,396,0,0,0,0,0
4,13,9,396,0,0,0,0,0
4,13,9,396,0,0,0,0,0
4,13,9,396,0,0,0,0,0
4,13,9,396,0,0,0,0,0
4,13,9,396,0,0,0,0,0
4,13,9,396,0,0,0,0,0
4,13,9,396,0,0,0,0,0
4,13,9,396,0,0,0,0,0
4,13,9,396,0,0,0,0,0
4,13,9,396,0,0,0,0,0
4,13,9,396,0,0,0,0,0
4,13,9,396,0,0,0,0,0
4,13,9,396,0,0,0,0,0
4,13,9,396,0,0,0,0,0
4,13,9,396,0,0,0,0,0
4,13,9,396,0,0,0,0,0
4,13,9,396,0,0,0,0,0
4,13,9,396,0,0,0,0,0
4,13,9,396,0,0,0,0,0
4,13,9,396,0,0,0,0,0
4,13,9,396,0,0,0,0,0
4,13,9,396,0,0,0,0,0
4,13,9,396,0,0,0,0,0
4,13,9,396,0,0,0,0,0
4,13,9,396,0,0,0,0,0
4,13,9,396,0,0,0,0,0
4,13,9,396,0,0,0,0,0
4,13,9,396,0,0,0,0,0
4,13,9,396,0,0,0,0,0
4,13,9,396,0,0,0,0,0
4,13,9,396,0,0,0,0,0
4,13,9,396,0,0,0,0,0
4,13,9,396,0,0,0,0,0
4,13,9,396,0,0,0,0,0
4,13,9,396,0,0,0,0,0
4,13,9,396,0,0,0,0,0
4,13,9,396,0,0,0,0,0
4,13,9,396,0,0,0,0,0
4,13,9,396,0,0,0,0,0
4,13,9,396,0,0,0,0,0
4,13,9,396,0,0,0,0,0
4,13,9,396,0,0,0,0,0
4,13,9,396,0,0,0,0,0
4,13,9,396,0,0,0,0,0
4,13,9,396,0,0,0,0,0
4,13,9,396,0,0,0,0,0
4,13,9,396,0,0,0,0,0
4,13,9,396,0,0,0,0,0
4,13,9,396,0,0,0,0,0
4,13,9,396,0,0,0,0,0
4,13,9,396,0,0,0,0,0
4,13,9,396,0,0,0,0,0
4,13,9,396,0,0,0,0,0
4,13,9,396,0,0,0,0,0
4,13,9,396,0,0,0,0,0
4,13,9,396,0,0,0,0,0
4,13,9,396,0,0,0,0,0
4,13,9,396,0,0,0,0,0
4,13,9,396,0,0,0,0,0
4,13,9,396,0,0,0,0,0
4,13,9,396,0,0,0,0,0
4,13,9,396,0,0,0,0,0
4,13,9,396,0,0,0,0,0
4,13,9,396,0,0,0,0,0
4,13,9,396,0,0,0,0,0
4,13,9,396,0,0,0,0,0
4,13,9,396,0,0,0,0,0
4,13,9,396,0,0,0,0,0
4,13,9,396,0,0,0,0,0
4,13,9,396,0,0,0,0,0
4,13,9,396,0,0,0,0,0
4,13,9,396,0,0,0,0,0
4,13,9,396,0,0,0,0,0
4,13,9,396,0,0,0,0,0
4,13,9,396,0,0,0,0,0
4,13,9,396,0,0,0,0,0
4,13,9,396,0,0,0,0,0
4,13,9,396,0,0,0,0,0
4,13,9,396,0,0,0,0,0
4,13,9,396,0,0,0,0,0
4,13,9,396,0,0,0,0,0
4,13,9,396,0,0,0,0,0
4,13,9,396,0,0,0,0,0
4,13,9,396,0,0,0,0,0
4,13,9,396,0,0,0,0,0
4,13,9,396,0,0,0,0,0
4,13,9,396,0,0,0,0,0
4,13,9,396,0,0,0,0,0
4,13,9,396,0,0,0,0,0
4,13,9,396,0,0,0,0,0
4,13,9,396,0,0,0,0,0
4,13,9,396,0,0,0,0,0
4,13,9,396,0,0,0,0,0
4,13,9,396,0,0,0,0,0
4,13,9,396,0,0,0,0,0
4,13,9,396,0,0,0,0,0
4,13,9,396,0,0,0,0,0
4,13,9,396,0,0,0,0,0
4,13,9,396,0,0,0,0,0
4,13,9,396,0,0,0,0,0
4,13,9,396,0,0,0,0,0
4,13,9,396,0,0,0,0,0
4,13,9,396,0,0,0,0,0
4,13,9,396,0,0,0,0,0
4,13,9,396,0,0,0,0,0
4,13,9,396,0,0,0,0,0
4,13,9,396,0,0,0,0,0
4,13,9,396,0,0,0,0,0
4,13,9,396,0,0,0,0,0
4,13,9,396,0,0,0,0,0
4,13,9,396,0,0,0,0,0
4,13,9,396,0,0,0,0,0
4,13,9,396,0,0,0,0,0
4,13,9,396,0,0,0,0,0
4,13,9,396,0,0,0,0,0
4,13,9,396,0,0,0,0,0
4,13,9,396,0,0,0,0,0
4,13,9,396,0,0,0,0,0
4,13,9,396,0,0,0,0,0
4,13,9,396,0,0,0,0,0
4,13,9,396,0,0,0,0,0
4,13,9,396,0,0,0,0,0
4,13,9,396,0,0,0,0,0
4,13,9,396,0,0,0,0,0
4,13,9,396,0,0,0,0,0
4,13,9,396,0,0,0,0,0
4,13,9,396,0,0,0,0,0
4,13,9,396,0,0,0,0,0
4,13,9,396,0,0,0,0,0
4,13,9,396,0,0,0,0,0
4,13,9,396,0,0,0,0,0
4,13,9,396,0,0,0,0,0
4,13,9,396,0,0,0,0,0
4,13,9,396,0,0,0,0,0
4,13,9,396,0,0,0,0,0
4,13,9,396,0,0,0,0,0
4,13,9,396,0,0,0,0,0
4,13,9,396,0,0,0,0,0
4,13,9,396,0,0,0,0,0
4,13,9,396,0,0,0,0,0
4,13,9,396,0,0,0,0,0
4,13,9,396,0,0,0,0,0
4,13,9,396,0,0,0,0,0
4,13,9,396,0,0,0,0,0
4,13,9,396,0,0,0,0,0
4,13,9,396,0,0,0,0,0
4,13,9,396,0,0,0,0,0
4,13,9,396,0,0,0,0,0
4,13,9,396,0,0,0,0,0
4,13,9,396,0,0,0,0,0
4,13,9,396,0,0,0,0,0
4,13,9,396,0,0,0,0,0
4,13,9,396,0,0,0,0,0
4,13,9,396,0,0,0,0,0
4,13,9,396,0,0,0,0,0
4,13,9,396,0,0,0,0,0
4,13,9,396,0,0,0,0,0
4,13,9,396,0,0,0,0,0
4,13,9,396,0,0,0,0,0
4,13,9,396,0,0,0,0,0
4,13,9,396,0,0,0,0,0
4,13,9,396,0,0,0,0,0
4,13,9,396,0,0,0,0,0
4,13,9,396,0,0,0,0,0
4,13,9,396,0,0,0,0,0
4,13,9,396,0,0,0,0,0
4,13,9,396,0,0,0,0,0
4,13,9,396,0,0,0,0,0
4,13,9,396,0,0,0,0,0
4,13,9,396,0,0,0,0,0
4,13,9,396,0,0,0,0,0
4,13,9,396,0,0,0,0,0
4,13,9,396,0,0,0,0,0
4,13,9,396,0,0,0,0,0
4,13,9,396,0,0,0,0,0
4,13,9,396,0,0,0,0,0
4,13,9,396,0,0,0,0,0
4,13,9,396,0,0,0,0,0
4,13,9,396,0,0,0,0,0
4,13,9,396,0,0,0,0,0
4,13,9,396,0,0,0,0,0
4,13,9,396,0,0,0,0,0
4,13,9,396,0,0,0,0,0
4,13,9,396,0,0,0,0,0
4,13,9,396,0,0,0,0,0
4,13,9,396,0,0,0,0,0
4,13,9,396,0,0,0,0,0
4,13,9,396,0,0,0,0,0
4,13,9,396,0,0,0,0,0
4,13,9,396,0,0,0,0,0
4,13,9,396,0,0,0,0,0
4,13,9,396,0,0,0,0,0
4,13,9,396,0,0,0,0,0
4,13,9,396,0,0,0,0,0
4,13,9,396,0,0,0,0,0
4,13,9,396,0,0,0,0,0
4,13,9,396,0,0,0,0,0
4,13,9,396,0,0,0,0,0
4,13,9,396,0,0,0,0,0
4,13,9,396,0,0,0,0,0
4,13,9,396,0,0,0,0,0
4,13,9,396,0,0,0,0,0
4,13,9,396,0,0,0,0,0
4,13,9,396,0,0,0,0,0
4,13,9,396,0,0,0,0,0
4,13,9,396,0,0,0,0,0
4,13,9,396,0,0,0,0,0
4,13,9,396,0,0,0,0,0
4,13,9,396,0,0,0,0,0
4,13,9,396,0,0,0,0,0
4,13,9,396,0,0,0,0,0
4,13,9,396,0,0,0,0,0
4,13,9,396,0,0,0,0,0
4,13,9,396,0,0,0,0,0
4,13,9,396,0,0,0,0,0
4,13,9,396,0,0,0,0,0
4,13,9,396,0,0,0,0,0
4,13,9,396,0,0,0,0,0
4,13,9,396,0,0,0,0,0
4,13,9,396,0,0,0,0,0
4,13,9,396,0,0,0,0,0
4,13,9,396,0,0,0,0,0
4,13,9,396,0,0,0,0,0
4,13,9,396,0,0,0,0,0
4,13,9,396,0,0,0,0,0
4,13,9,396,0,0,0,0,0
4,13,9,396,0,0,0,0,0
4,13,9,396,0,0,0,0,0
4,13,9,396,0,0,0,0,0
4,13,9,396,0,0,0,0,0
4,13,9,396,0,0,0,0,0
4,13,9,396,0,0,0,0,0
4,13,9,396,0,0,0,0,0
4,13,9,396,0,0,0,0,0
4,13,9,396,0,0,0,0,0
4,13,9,396,0,0,0,0,0
4,13,9,396,0,0,0,0,0
4,13,9,396,0,0,0,0,0
4,13,9,396,0,0,0,0,0
4,13,9,396,0,0,0,0,0
4,13,9,396,0,0,0,0,0
4,13,9,396,0,0,0,0,0
4,13,9,396,0,0,0,0,0
4,13,9,396,0,0,0,0,0
4,13,9,396,0,0,0,0,0
4,13,9,396,0,0,0,0,0
4,13,9,396,0,0,0,0,0
4,13,9,396,0,0,0,0,0
4,13,9,396,0,0,0,0,0
4,13,9,396,0,0,0,0,0
4,13,9,396,0,0,0,0,0
4,13,9,396,0,0,0,0,0
4,13,9,396,0,0,0,0,0
4,13,9,396,0,0,0,0,0
4,13,9,396,0,0,0,0,0
4,13,9,396,0,0,0,0,0
4,13,9,396,0,0,0,0,0
4,13,9,396,0,0,0,0,0
4,13,9,396,0,0,0,0,0
4,13,9,396,0,0,0,0,0
4,13,9,396,0,0,0,0,0
4,13,9,396,0,0,0,0,0
4,13,9,396,0,0,0,0,0
4,13,9,396,0,0,0,0,0
4,13,9,396,0,0,0,0,0
4,13,9,396,0,0,0,0,0
4,13,9,396,0,0,0,0,0
4,13,9,396,0,0,0,0,0
4,13,9,396,0,0,0,0,0
4,13,9,396,0,0,0,0,0
4,13,9,396,0,0,0,0,0
4,13,9,396,0,0,0,0,0
4,13,9,396,0,0,0,0,0
4,13,9,396,0,0,0,0,0
4,13,9,396,0,0,0,0,0
4,13,9,396,0,0,0,0,0
4,13,9,396,0,0,0,0,0
4,13,9,396,0,0,0,0,0
4,13,9,396,0,0,0,0,0
4,13,9,396,0,0,0,0,0
4,13,9,396,0,0,0,0,0
4,13,9,396,0,0,0,0,0
4,13,9,396,0,0,0,0,0
5,18,10,396,0,0,0,0,0
6,19,4,396,0,0,0,0,0
6,59,4,396,0,0,0,0,0
7,60,2,396,0,0,0,0,0
6,63,4,396,0,0,0,0,0
7,178,2,396,0,0,0,0,0
10,164,2,396,0,0,0,0,0
1,164,2,396,0,0,0,0,0
1,164,2,396,0,0,0,0,0
1,164,2,396,0,0,0,0,0
8,165,15,396,0,0,0,0,0
8,165,15,396,0,0,0,0,0
8,165,15,396,0,0,0,0,0
9,165,15,396,0,0,0,0,0
9,186,15,396,0,0,0,0,0
6,65,4,396,0,0,0,0,0
2,66,1,396,0,0,0,0,0
7,187,2,396,0,0,0,0,0
7,164,2,396,0,0,0,0,0
10,164,2,396,0,0,0,0,0
9,165,15,396,0,0,0,0,0
9,165,15,396,0,0,0,0,0
9,189,15,396,0,0,0,0,0
6,68,4,396,0,0,0,0,0
2,71,1,396,0,0,0,0,0
6,63,4,396,0,0,0,0,0
7,178,2,396,0,0,0,0,0
7,164,2,396,0,0,0,0,0
1,164,2,396,0,0,0,0,0
1,164,2,396,0,0,0,0,0
7,164,2,396,0,0,0,0,0
8,165,15,396,0,0,0,0,0
8,165,15,396,0,0,0,0,0
9,165,15,396,0,0,0,0,0
9,165,15,396,0,0,0,0,0
9,186,15,396,0,0,0,0,0
6,65,4,396,0,0,0,0,0
2,66,1,396,0,0,0,0,0
7,187,2,396,0,0,0,0,0
7,164,2,396,0,0,0,0,0
10,164,2,396,0,0,0,0,0
9,165,15,396,0,0,0,0,0
9,165,15,396,0,0,0,0,0
9,189,15,396,0,0,0,0,0
6,68,4,396,0,0,0,0,0
2,71,1,396,0,0,0,0,0
6,63,4,396,0,0,0,0,0
7,178,2,396,0,0,0,0,0
7,164,2,396,0,0,0,0,0
1,164,2,396,0,0,0,0,0
1,164,2,396,0,0,0,0,0
7,164,2,396,0,0,0,0,0
8,165,15,396,0,0,0,0,0
8,165,15,396,0,0,0,0,0
9,165,15,396,0,0,0,0,0
9,165,15,396,0,0,0,0,0
9,186,15,396,0,0,0,0,0
6,65,4,396,0,0,0,0,0
2,66,1,396,0,0,0,0,0
7,187,2,396,0,0,0,0,0
7,164,2,396,0,0,0,0,0
10,164,2,396,0,0,0,0,0
9,165,15,396,0,0,0,0,0
9,165,15,396,0,0,0,0,0
9,189,15,396,0,0,0,0,0
6,68,4,396,0,0,0,0,0
2,71,1,396,0,0,0,0,0
6,72,4,396,0,0,0,0,0